{
  "width": 1536,
  "height": 1023,
  "clusters": [
    {
      "clusterId": "bedside_composition",
      "clusterRole": "required",
      "decisions": [
        {
          "componentId": 1,
          "pixelCount": 178517,
          "areaRatio": 0.11360899824861519,
          "score": 0.6138572428436463,
          "accepted": true,
          "rejectedReason": null,
          "anchorScore": 0.74760598325443,
          "priorOverlapRatio": 0.2703271957292583,
          "floorOverlapRatio": 0.28277418957298184,
          "constraintOverlapRatio": 0.8942565694023539,
          "compactness": 0.5835414487447699,
          "wallTouchRatio": 0,
          "minX": 483,
          "minY": 523,
          "maxX": 1122,
          "maxY": 1000,
          "centroidX": 758.929239232118,
          "centroidY": 752.1642756712246
        }
      ]
    },
    {
      "clusterId": "decor_group",
      "clusterRole": "optional",
      "decisions": [
        {
          "componentId": 45,
          "pixelCount": 47500,
          "areaRatio": 0.030229207396546106,
          "score": 0.5617019337462199,
          "accepted": true,
          "rejectedReason": null,
          "anchorScore": 0.6582653129607396,
          "priorOverlapRatio": 0,
          "floorOverlapRatio": 0.3507789473684211,
          "constraintOverlapRatio": 0.9105052631578947,
          "compactness": 0.42038374398187484,
          "wallTouchRatio": 0,
          "minX": 718,
          "minY": 671,
          "maxX": 1038,
          "maxY": 1022,
          "centroidX": 876.6124842105263,
          "centroidY": 807.8617684210526
        },
        {
          "componentId": 49,
          "pixelCount": 234,
          "areaRatio": 0.00014891862170087977,
          "score": 0.4847048573452997,
          "accepted": true,
          "rejectedReason": null,
          "anchorScore": 0.9107865987748901,
          "priorOverlapRatio": 0,
          "floorOverlapRatio": 0,
          "constraintOverlapRatio": 1,
          "compactness": 0.65,
          "wallTouchRatio": 0,
          "minX": 1013,
          "minY": 776,
          "maxX": 1030,
          "maxY": 795,
          "centroidX": 1020.8846153846154,
          "centroidY": 784.2991452991453
        },
        {
          "componentId": 32,
          "pixelCount": 1302,
          "areaRatio": 0.0008285984848484849,
          "score": 0.4279580043150115,
          "accepted": true,
          "rejectedReason": null,
          "anchorScore": 0.3051595581151786,
          "priorOverlapRatio": 0,
          "floorOverlapRatio": 0,
          "constraintOverlapRatio": 1,
          "compactness": 0.8147684605757196,
          "wallTouchRatio": 0,
          "minX": 648,
          "minY": 549,
          "maxX": 694,
          "maxY": 582,
          "centroidX": 672.7711213517665,
          "centroidY": 564.7096774193549
        },
        {
          "componentId": 53,
          "pixelCount": 122,
          "areaRatio": 0.00007764133268165527,
          "score": 0.4072881981942605,
          "accepted": true,
          "rejectedReason": null,
          "anchorScore": 0.39716801487770736,
          "priorOverlapRatio": 0,
          "floorOverlapRatio": 1,
          "constraintOverlapRatio": 0,
          "compactness": 0.3388888888888889,
          "wallTouchRatio": 0,
          "minX": 734,
          "minY": 988,
          "maxX": 751,
          "maxY": 1007,
          "centroidX": 741.1147540983607,
          "centroidY": 997.172131147541
        },
        {
          "componentId": 38,
          "pixelCount": 480,
          "areaRatio": 0.00030547409579667644,
          "score": 0.38975778391668314,
          "accepted": true,
          "rejectedReason": null,
          "anchorScore": 0.32242143223906283,
          "priorOverlapRatio": 0,
          "floorOverlapRatio": 0,
          "constraintOverlapRatio": 1,
          "compactness": 0.631578947368421,
          "wallTouchRatio": 0,
          "minX": 661,
          "minY": 585,
          "maxX": 679,
          "maxY": 624,
          "centroidX": 671.8479166666667,
          "centroidY": 603.375
        },
        {
          "componentId": 33,
          "pixelCount": 403,
          "areaRatio": 0.0002564709595959596,
          "score": 0.37167820278242114,
          "accepted": true,
          "rejectedReason": null,
          "anchorScore": 0.2622584995962807,
          "priorOverlapRatio": 0,
          "floorOverlapRatio": 0,
          "constraintOverlapRatio": 1,
          "compactness": 0.5840579710144927,
          "wallTouchRatio": 0,
          "minX": 574,
          "minY": 573,
          "maxX": 619,
          "maxY": 587,
          "centroidX": 597.4590570719603,
          "centroidY": 579.9205955334987
        },
        {
          "componentId": 43,
          "pixelCount": 18352,
          "areaRatio": 0.01167929292929293,
          "score": 0.3618540314542765,
          "accepted": false,
          "rejectedReason": "target_already_satisfied",
          "anchorScore": 0.3015028742419645,
          "priorOverlapRatio": 0,
          "floorOverlapRatio": 0,
          "constraintOverlapRatio": 0.7448234524847428,
          "compactness": 0.36032356867980836,
          "wallTouchRatio": 0,
          "minX": 339,
          "minY": 636,
          "maxX": 814,
          "maxY": 742,
          "centroidX": 607.1248365300785,
          "centroidY": 689.0721992153444
        },
        {
          "componentId": 22,
          "pixelCount": 7103,
          "areaRatio": 0.004520380213424568,
          "score": 0.20876748158230413,
          "accepted": false,
          "rejectedReason": "target_already_satisfied",
          "anchorScore": 0.1800599526249099,
          "priorOverlapRatio": 0,
          "floorOverlapRatio": 0,
          "constraintOverlapRatio": 0,
          "compactness": 0.6974666142969363,
          "wallTouchRatio": 0,
          "minX": 436,
          "minY": 422,
          "maxX": 569,
          "maxY": 497,
          "centroidX": 505.0142193439392,
          "centroidY": 465.03787132197664
        },
        {
          "componentId": 8,
          "pixelCount": 4305,
          "areaRatio": 0.002739720796676442,
          "score": 0.1994644182052742,
          "accepted": false,
          "rejectedReason": "target_already_satisfied",
          "anchorScore": 0.16204618064150259,
          "priorOverlapRatio": 0,
          "floorOverlapRatio": 0,
          "constraintOverlapRatio": 0,
          "compactness": 0.6449438202247191,
          "wallTouchRatio": 0,
          "minX": 480,
          "minY": 330,
          "maxX": 568,
          "maxY": 404,
          "centroidX": 532.6613240418119,
          "centroidY": 366.60325203252034
        },
        {
          "componentId": 34,
          "pixelCount": 5891,
          "areaRatio": 0.0037490581215379602,
          "score": 0.1986033802800402,
          "accepted": false,
          "rejectedReason": "target_already_satisfied",
          "anchorScore": 0.10254615895893032,
          "priorOverlapRatio": 0,
          "floorOverlapRatio": 0,
          "constraintOverlapRatio": 0,
          "compactness": 0.8766369047619048,
          "wallTouchRatio": 0,
          "minX": 163,
          "minY": 580,
          "maxX": 267,
          "maxY": 643,
          "centroidX": 216.06705143439143,
          "centroidY": 609.8910202003055
        },
        {
          "componentId": 39,
          "pixelCount": 4229,
          "areaRatio": 0.002691354064841968,
          "score": 0.1851037751198097,
          "accepted": false,
          "rejectedReason": "target_already_satisfied",
          "anchorScore": 0.1821304494053547,
          "priorOverlapRatio": 0,
          "floorOverlapRatio": 0,
          "constraintOverlapRatio": 0,
          "compactness": 0.4147298224968128,
          "wallTouchRatio": 0,
          "minX": 365,
          "minY": 592,
          "maxX": 463,
          "maxY": 694,
          "centroidX": 430.2087964057697,