{
  "width": 1536,
  "height": 1023,
  "clusters": [
    {
      "clusterId": "bedside_composition",
      "clusterRole": "required",
      "decisions": [
        {
          "componentId": 1,
          "pixelCount": 67101,
          "areaRatio": 0.042703369379276636,
          "score": 0.6757762862554795,
          "accepted": true,
          "rejectedReason": null,
          "anchorScore": 0.7400697038741704,
          "priorOverlapRatio": 0.6945351037987512,
          "floorOverlapRatio": 0.6945351037987512,
          "compactness": 0.6541652449427249,
          "wallTouchRatio": 0,
          "minX": 807,
          "minY": 748,
          "maxX": 1179,
          "maxY": 1022,
          "centroidX": 1021.0839331753625,
          "centroidY": 905.4653730942907
        },
        {
          "componentId": 2,
          "pixelCount": 56729,
          "areaRatio": 0.036102583292603456,
          "score": 0.46447006895577225,
          "accepted": true,
          "rejectedReason": null,
          "anchorScore": 0.27270941216306077,
          "priorOverlapRatio": 0.3480054293218636,
          "floorOverlapRatio": 0.9613777785612297,
          "compactness": 0.5561993842775065,
          "wallTouchRatio": 0,
          "minX": 199,
          "minY": 845,
          "maxX": 771,
          "maxY": 1022,
          "centroidX": 449.5189938126884,
          "centroidY": 954.6806571594775
        }
      ]
    },
    {
      "clusterId": "decor_group",
      "clusterRole": "optional",
      "decisions": [
        {
          "componentId": 27,
          "pixelCount": 1444,
          "areaRatio": 0.0009189679048550016,
          "score": 0.13296636708509044,
          "accepted": false,
          "rejectedReason": "weak_structural_support",
          "anchorScore": 0.13072145378869282,
          "priorOverlapRatio": 0,
          "floorOverlapRatio": 0,
          "compactness": 0.5532567049808429,
          "wallTouchRatio": 0,
          "minX": 333,
          "minY": 607,
          "maxX": 422,
          "maxY": 635,
          "centroidX": 374.4342105263158,
          "centroidY": 616.4196675900278
        },
        {
          "componentId": 10,
          "pixelCount": 349,
          "areaRatio": 0.0002221051238188335,
          "score": 0.12648092194438307,
          "accepted": false,
          "rejectedReason": "weak_structural_support",
          "anchorScore": 0.0926909869112507,
          "priorOverlapRatio": 0,
          "floorOverlapRatio": 0,
          "compactness": 0.5935374149659864,
          "wallTouchRatio": 0,
          "minX": 279,
          "minY": 458,
          "maxX": 285,
          "maxY": 541,
          "centroidX": 282.40114613180515,
          "centroidY": 505.1661891117478
        },
        {
          "componentId": 31,
          "pixelCount": 11645,
          "areaRatio": 0.007410928844900619,
          "score": 0.11611982116496021,
          "accepted": false,
          "rejectedReason": "score_below_recovery_floor",
          "anchorScore": 0.12914224908446487,
          "priorOverlapRatio": 0,
          "floorOverlapRatio": 0,
          "compactness": 0.45132160297651347,
          "wallTouchRatio": 0,
          "minX": 250,
          "minY": 647,
          "maxX": 443,
          "maxY": 779,
          "centroidX": 344.9079433233147,
          "centroidY": 703.9034778875053
        },
        {
          "componentId": 4,
          "pixelCount": 1403,
          "areaRatio": 0.0008928753258390356,
          "score": 0.07313500309401508,
          "accepted": false,
          "rejectedReason": "score_below_recovery_floor",
          "anchorScore": 0.07610604625174712,
          "priorOverlapRatio": 0,
          "floorOverlapRatio": 0,
          "compactness": 0.29536842105263156,
          "wallTouchRatio": 0,
          "minX": 248,
          "minY": 324,
          "maxX": 285,
          "maxY": 448,
          "centroidX": 275.3863150392017,
          "centroidY": 363.9215965787598
        },
        {
          "componentId": 6,
          "pixelCount": 228,
          "areaRatio": 0.00014510019550342132,
          "score": -0.05331332241331879,
          "accepted": false,
          "rejectedReason": "score_below_recovery_floor",
          "anchorScore": 0.05231976000884634,
          "priorOverlapRatio": 0,
          "floorOverlapRatio": 0,
          "compactness": 0.9306122448979591,
          "wallTouchRatio": 1,
          "minX": 84,
          "minY": 404,
          "maxX": 88,
          "maxY": 452,
          "centroidX": 86.14912280701755,
          "centroidY": 426.9868421052632
        },
        {
          "componentId": 11,
          "pixelCount": 311,
          "areaRatio": 0.00019792175790159662,
          "score": -0.06502034163546741,
          "accepted": false,
          "rejectedReason": "score_below_recovery_floor",
          "anchorScore": 0.055951100622138566,
          "priorOverlapRatio": 0,
          "floorOverlapRatio": 0,
          "compactness": 0.8497267759562842,
          "wallTouchRatio": 1,
          "minX": 83,
          "minY": 462,
          "maxX": 88,
          "maxY": 522,
          "centroidX": 85.90353697749197,
          "centroidY": 493.35691318327974
        },
        {
          "componentId": 52,
          "pixelCount": 273,
          "areaRatio": 0.00017373839198435973,
          "score": -0.08162268696185007,
          "accepted": false,
          "rejectedReason": "score_below_recovery_floor",
          "anchorScore": 0.06713430790147527,
          "priorOverlapRatio": 0,
          "floorOverlapRatio": 0,
          "compactness": 0.42,
          "wallTouchRatio": 0.7802197802197802,
          "minX": 73,
          "minY": 864,
          "maxX": 98,
          "maxY": 888,
          "centroidX": 85.99267399267399,
          "centroidY": 877.2087912087912
        },
        {
          "componentId": 35,
          "pixelCount": 1498,
          "areaRatio": 0.0009533337406321277,
          "score": -0.09504876319454802,
          "accepted": false,
          "rejectedReason": "score_below_recovery_floor",
          "anchorScore": 0.06662095168914219,
          "priorOverlapRatio": 0,
          "floorOverlapRatio": 0,
          "compactness": 0.5925632911392406,
          "wallTouchRatio": 0.9659546061415221,
          "minX": 77,
          "minY": 690,
          "maxX": 92,
          "maxY": 847,
          "centroidX": 86.39519359145527,
          "centroidY": 784.4205607476636
        },
        {
          "componentId": 23,
          "pixelCount": 219,
          "areaRatio": 0.00013937255620723364,
          "score": -0.11628342798553075,
          "accepted": false,
          "rejectedReason": "score_below_recovery_floor",
          "anchorScore": 0.059670589958523,
          "priorOverlapRatio": 0,
          "floorOverlapRatio": 0,
          "compactness": 0.5214285714285715,
          "wallTouchRatio": 1,
          "minX": 80,
          "minY": 549,
          "maxX": 89,
          "maxY": 590,
          "centroidX": 86.35616438356165,
          "centroidY": 566.4794520547945
        }
      ]
    }
  ]
}