{
  "width": 1536,
  "height": 1023,
  "clusters": [
    {
      "clusterId": "bedside_composition",
      "clusterRole": "required",
      "decisions": [
        {
          "componentId": 18,
          "pixelCount": 8352,
          "areaRatio": 0.00531524926686217,
          "score": 0.750141944791743,
          "accepted": true,
          "rejectedReason": null,
          "anchorScore": 0.5930365240574916,
          "priorOverlapRatio": 0.9912595785440613,
          "floorOverlapRatio": 0.9912595785440613,
          "compactness": 0.5783132530120482,
          "wallTouchRatio": 0,
          "minX": 644,
          "minY": 936,
          "maxX": 809,
          "maxY": 1022,
          "centroidX": 712.1507423371647,
          "centroidY": 985.121408045977
        },
        {
          "componentId": 17,
          "pixelCount": 5920,
          "areaRatio": 0.0037675138481590093,
          "score": 0.712092535696965,
          "accepted": true,
          "rejectedReason": null,
          "anchorScore": 0.4638265546889733,
          "priorOverlapRatio": 0.9900337837837838,
          "floorOverlapRatio": 0.9900337837837838,
          "compactness": 0.6185997910135841,
          "wallTouchRatio": 0,
          "minX": 558,
          "minY": 936,
          "maxX": 667,
          "maxY": 1022,
          "centroidX": 613.7925675675675,
          "centroidY": 983.389695945946
        },
        {
          "componentId": 14,
          "pixelCount": 13877,
          "areaRatio": 0.008831383390355165,
          "score": 0.7080932935372928,
          "accepted": true,
          "rejectedReason": null,
          "anchorScore": 0.8305923216684044,
          "priorOverlapRatio": 0.5715932838509764,
          "floorOverlapRatio": 0.9798947899401887,
          "compactness": 0.5068668273796479,
          "wallTouchRatio": 0,
          "minX": 681,
          "minY": 867,
          "maxX": 914,
          "maxY": 983,
          "centroidX": 822.6288823232687,
          "centroidY": 928.0402824818044
        },
        {
          "componentId": 13,
          "pixelCount": 5383,
          "areaRatio": 0.003425764703486478,
          "score": 0.586492597019753,
          "accepted": true,
          "rejectedReason": null,
          "anchorScore": 0.8329037176745929,
          "priorOverlapRatio": 0.12911016161991454,
          "floorOverlapRatio": 0.959316366338473,
          "compactness": 0.48670886075949366,
          "wallTouchRatio": 0,
          "minX": 896,
          "minY": 866,
          "maxX": 1035,
          "maxY": 944,
          "centroidX": 951.4226267880364,
          "centroidY": 903.3849154746424
        },
        {
          "componentId": 15,
          "pixelCount": 4939,
          "areaRatio": 0.003143201164874552,
          "score": 0.5533190289053457,
          "accepted": true,
          "rejectedReason": null,
          "anchorScore": 0.4383124332325354,
          "priorOverlapRatio": 0.47904434095970844,
          "floorOverlapRatio": 0.9977728285077951,
          "compactness": 0.5011669203450025,
          "wallTouchRatio": 0,
          "minX": 526,
          "minY": 894,
          "maxX": 660,
          "maxY": 966,
          "centroidX": 581.3367078355942,
          "centroidY": 929.249443207127
        },
        {
          "componentId": 6,
          "pixelCount": 7065,
          "areaRatio": 0.004496196847507332,
          "score": 0.38212611270941876,
          "accepted": true,
          "rejectedReason": null,
          "anchorScore": 0.7021149893372355,
          "priorOverlapRatio": 0,
          "floorOverlapRatio": 0.32767162066525124,
          "compactness": 0.4867043262606779,
          "wallTouchRatio": 0,
          "minX": 904,
          "minY": 822,
          "maxX": 1094,
          "maxY": 897,
          "centroidX": 1010.0295824486907,
          "centroidY": 863.3296532200991
        },
        {
          "componentId": 12,
          "pixelCount": 4974,
          "areaRatio": 0.0031654753176930594,
          "score": 0.36134995855170676,
          "accepted": false,
          "rejectedReason": "target_already_satisfied",
          "anchorScore": 0.5090359351682741,
          "priorOverlapRatio": 0.003216726980297547,
          "floorOverlapRatio": 0.5418174507438681,
          "compactness": 0.49423688394276627,
          "wallTouchRatio": 0,
          "minX": 552,
          "minY": 856,
          "maxX": 687,
          "maxY": 929,
          "centroidX": 634.9897466827503,
          "centroidY": 892.5398069963812
        },
        {
          "componentId": 1,
          "pixelCount": 119163,
          "areaRatio": 0.07583585349462366,
          "score": 0.3016066349530525,
          "accepted": false,
          "rejectedReason": "target_already_satisfied",
          "anchorScore": 0.5910614128154179,
          "priorOverlapRatio": 0.00015105359885199266,
          "floorOverlapRatio": 0.026375636732878495,
          "compactness": 0.5958209582095821,
          "wallTouchRatio": 0,
          "minX": 538,
          "minY": 560,
          "maxX": 1079,
          "maxY": 928,
          "centroidX": 784.5032770239085,
          "centroidY": 731.3684281194666
        },
        {
          "componentId": 7,
          "pixelCount": 3291,
          "areaRatio": 0.0020944067693059627,
          "score": 0.26780992539805076,
          "accepted": false,
          "rejectedReason": "target_already_satisfied",
          "anchorScore": 0.5366639621693527,
          "priorOverlapRatio": 0,
          "floorOverlapRatio": 0.07323002127013066,
          "compactness": 0.44186358754027927,
          "wallTouchRatio": 0,
          "minX": 1048,
          "minY": 822,
          "maxX": 1180,
          "maxY": 877,
          "centroidX": 1108.4676390154968,
          "centroidY": 848.3415375265877
        },
        {
          "componentId": 5,
          "pixelCount": 1219,
          "areaRatio": 0.0007757769224503095,
          "score": 0.23970383851936483,
          "accepted": false,
          "rejectedReason": "target_already_satisfied",
          "anchorScore": 0.5374741814615733,
          "priorOverlapRatio": 0,
          "floorOverlapRatio": 0,
          "compactness": 0.3560163551401869,
          "wallTouchRatio": 0,
          "minX": 1050,
          "minY": 807,
          "maxX": 1156,
          "maxY": 838,
          "centroidX": 1100.3839212469238,
          "centroidY": 821.9991796554552
        },
        {
          "componentId": 8,
          "pixelCount": 6461,
          "areaRatio": 0.004111808610296514,
          "score": 0.23257683093066545,
          "accepted": false,
          "rejectedReason": "target_already_satisfied",
          "anchorScore": 0.4299994870090348,
          "priorOverlapRatio": 0,
          "floorOverlapRatio": 0,
          "compactness": 0.53985628342246,
          "wallTouchRatio": 0,
          "minX": 503,
          "minY": 828,
          "maxX": 678,
          "maxY": 895,
          "centroidX": 575.2638910385389,
          "centroidY": 857.6613527317753
        },
        {
          "componentId": 2,
          "pixelCount": 6371,
          "areaRatio": 0.004054532217334637,
          "score": 0.2243544271844614,
          "accepted": false,
          "rejectedReason": "target_already_satisfied",
          "anchorScore": 0.37235947524751334,
          "priorOverlapRatio": 0,
          "floorOverlapRatio": 0,
          "compactness": 0.6109512850019179,
          "wallTouchRatio": 0,
          "minX": 473,
          "minY": 764,
          "maxX": 604,
          "maxY": 842,
          "centroidX": 533.055564275624,
          "centroidY": 799.5237796264323
        }
      ]
    },
    {
      "clusterId": "decor_group",
      "clusterRole": "optional",
      "decisions": [
        {
          "componentId": 1,
          "pixelCount": 16377,
          "areaRatio": 0.010422394305962854,
          "score": 0.2363815359608349,
          "accepted": true,
          "rejectedReason": null,