{
  "width": 1536,
  "height": 1023,
  "clusters": [
    {
      "clusterId": "bedside_composition",
      "clusterRole": "required",
      "decisions": [
        {
          "componentId": 1,
          "pixelCount": 122959,
          "areaRatio": 0.07825164446888237,
          "score": 0.25584357572674904,
          "accepted": true,
          "rejectedReason": null,
          "anchorScore": 0.319238718189728,
          "priorOverlapRatio": 0.004668222740913638,
          "floorOverlapRatio": 0.16732406737205086,
          "constraintOverlapRatio": 0.00027651493587293324,
          "compactness": 0.6766249917457243,
          "wallTouchRatio": 0,
          "minX": 499,
          "minY": 527,
          "maxX": 1000,
          "maxY": 888,
          "centroidX": 718.6082433982059,
          "centroidY": 705.1165998422239
        },
        {
          "componentId": 4,
          "pixelCount": 4678,
          "areaRatio": 0.0029770996252851093,
          "score": 0.1446754464340631,
          "accepted": false,
          "rejectedReason": "target_already_satisfied",
          "anchorScore": 0.16247221391669944,
          "priorOverlapRatio": 0,
          "floorOverlapRatio": 0,
          "constraintOverlapRatio": 0,
          "compactness": 0.842731039452351,
          "wallTouchRatio": 0,
          "minX": 412,
          "minY": 688,
          "maxX": 502,
          "maxY": 748,
          "centroidX": 456.4856776400171,
          "centroidY": 717.5478837109875
        },
        {
          "componentId": 2,
          "pixelCount": 1038,
          "areaRatio": 0.0006605877321603128,
          "score": 0.12781165178041107,
          "accepted": false,
          "rejectedReason": "target_already_satisfied",
          "anchorScore": 0.3377173190551001,
          "priorOverlapRatio": 0,
          "floorOverlapRatio": 0,
          "constraintOverlapRatio": 0,
          "compactness": 0.5550802139037433,
          "wallTouchRatio": 0,
          "minX": 800,
          "minY": 562,
          "maxX": 833,
          "maxY": 616,
          "centroidX": 815.9306358381502,
          "centroidY": 583.8670520231213
        },
        {
          "componentId": 3,
          "pixelCount": 1873,
          "areaRatio": 0.0011919853779732812,
          "score": 0.1054427778172841,
          "accepted": false,
          "rejectedReason": "target_already_satisfied",
          "anchorScore": 0.14891719246121488,
          "priorOverlapRatio": 0,
          "floorOverlapRatio": 0,
          "constraintOverlapRatio": 0,
          "compactness": 0.6032206119162641,
          "wallTouchRatio": 0,
          "minX": 435,
          "minY": 575,
          "maxX": 479,
          "maxY": 643,
          "centroidX": 456.70315002669514,
          "centroidY": 601.9674319273893
        }
      ]
    },
    {
      "clusterId": "decor_group",
      "clusterRole": "optional",
      "decisions": [
        {
          "componentId": 3,
          "pixelCount": 4766,
          "areaRatio": 0.0030331032095145,
          "score": 0.22198365433347456,
          "accepted": true,
          "rejectedReason": null,
          "anchorScore": 0.373257215397397,
          "priorOverlapRatio": 0,
          "floorOverlapRatio": 0,
          "constraintOverlapRatio": 0,
          "compactness": 0.6849669445242886,
          "wallTouchRatio": 0,
          "minX": 638,
          "minY": 607,
          "maxX": 708,
          "maxY": 704,
          "centroidX": 674.3665547629039,
          "centroidY": 653.964330675619
        },
        {
          "componentId": 1,
          "pixelCount": 42615,
          "areaRatio": 0.02712037206744868,
          "score": 0.21922592837406746,
          "accepted": true,
          "rejectedReason": null,
          "anchorScore": 0.2523119268019322,
          "priorOverlapRatio": 0,
          "floorOverlapRatio": 0,
          "constraintOverlapRatio": 0,
          "compactness": 0.9226222693714954,
          "wallTouchRatio": 0,
          "minX": 536,
          "minY": 340,
          "maxX": 782,
          "maxY": 526,
          "centroidX": 656.1868590871759,
          "centroidY": 439.18038249442685
        }
      ]
    }
  ]
}