{
  "width": 1536,
  "height": 1023,
  "clusters": [
    {
      "clusterId": "bedside_composition",
      "clusterRole": "required",
      "decisions": [
        {
          "componentId": 1,
          "pixelCount": 208066,
          "areaRatio": 0.13241411086673183,
          "score": 0.6053763186487213,
          "accepted": true,
          "rejectedReason": null,
          "anchorScore": 0.7188768202449825,
          "priorOverlapRatio": 0.2531071871425413,
          "floorOverlapRatio": 0.26834273740063247,
          "constraintOverlapRatio": 0.9153297511366586,
          "compactness": 0.5666285403050109,
          "wallTouchRatio": 0,
          "minX": 456,
          "minY": 513,
          "maxX": 1175,
          "maxY": 1022,
          "centroidX": 875.376635298415,
          "centroidY": 748.4969817269521
        }
      ]
    },
    {
      "clusterId": "decor_group",
      "clusterRole": "optional",
      "decisions": [
        {
          "componentId": 49,
          "pixelCount": 2030,
          "areaRatio": 0.0012919008634734441,
          "score": 0.6467770812593931,
          "accepted": true,
          "rejectedReason": null,
          "anchorScore": 0.3640823516160486,
          "priorOverlapRatio": 0,
          "floorOverlapRatio": 0.925615763546798,
          "constraintOverlapRatio": 0.9802955665024631,
          "compactness": 0.26203691751645797,
          "wallTouchRatio": 0,
          "minX": 634,
          "minY": 806,
          "maxX": 694,
          "maxY": 932,
          "centroidX": 666.1645320197044,
          "centroidY": 896.2472906403941
        },
        {
          "componentId": 52,
          "pixelCount": 694,
          "areaRatio": 0.0004416646301726947,
          "score": 0.6123736919383529,
          "accepted": true,
          "rejectedReason": null,
          "anchorScore": 0.2837078116947685,
          "priorOverlapRatio": 0,
          "floorOverlapRatio": 1,
          "constraintOverlapRatio": 0.8112391930835735,
          "compactness": 0.7184265010351967,
          "wallTouchRatio": 0,
          "minX": 558,
          "minY": 855,
          "maxX": 580,
          "maxY": 896,
          "centroidX": 569.1023054755043,
          "centroidY": 873.8270893371758
        },
        {
          "componentId": 43,
          "pixelCount": 2430,
          "areaRatio": 0.0015464626099706744,
          "score": 0.6103676257600515,
          "accepted": true,
          "rejectedReason": null,
          "anchorScore": 0.3165728506280341,
          "priorOverlapRatio": 0,
          "floorOverlapRatio": 0.7275720164609053,
          "constraintOverlapRatio": 1,
          "compactness": 0.397708674304419,
          "wallTouchRatio": 0,
          "minX": 581,
          "minY": 779,
          "maxX": 627,
          "maxY": 908,
          "centroidX": 608.4650205761317,
          "centroidY": 861.943621399177
        },
        {
          "componentId": 40,
          "pixelCount": 887,
          "areaRatio": 0.0005644906728576083,
          "score": 0.5200871648719261,
          "accepted": true,
          "rejectedReason": null,
          "anchorScore": 0.34165440071812303,
          "priorOverlapRatio": 0,
          "floorOverlapRatio": 0.5400225479143179,
          "constraintOverlapRatio": 1,
          "compactness": 0.27998737373737376,
          "wallTouchRatio": 0,
          "minX": 627,
          "minY": 771,
          "maxX": 648,
          "maxY": 914,
          "centroidX": 635.3314543404736,
          "centroidY": 846.4802705749718
        },
        {
          "componentId": 9,
          "pixelCount": 272,
          "areaRatio": 0.00017310198761811665,
          "score": 0.38245382755278157,
          "accepted": true,
          "rejectedReason": null,
          "anchorScore": 0.4512259803714339,
          "priorOverlapRatio": 0,
          "floorOverlapRatio": 0,
          "constraintOverlapRatio": 1,
          "compactness": 0.37777777777777777,
          "wallTouchRatio": 0,
          "minX": 963,
          "minY": 513,
          "maxX": 982,
          "maxY": 548,
          "centroidX": 972.3823529411765,
          "centroidY": 529.4926470588235
        },
        {
          "componentId": 11,
          "pixelCount": 225,
          "areaRatio": 0.0001431909824046921,
          "score": 0.35689380647196084,
          "accepted": true,
          "rejectedReason": null,
          "anchorScore": 0.25742310549754943,
          "priorOverlapRatio": 0,
          "floorOverlapRatio": 0,
          "constraintOverlapRatio": 1,
          "compactness": 0.5294117647058824,
          "wallTouchRatio": 0,
          "minX": 567,
          "minY": 598,
          "maxX": 591,
          "maxY": 614,
          "centroidX": 575.5822222222222,
          "centroidY": 608.1244444444444
        },
        {
          "componentId": 14,
          "pixelCount": 439,
          "areaRatio": 0.00027938151678071033,
          "score": 0.3474081199891606,
          "accepted": false,
          "rejectedReason": "target_already_satisfied",
          "anchorScore": 0.2509934393931972,
          "priorOverlapRatio": 0,
          "floorOverlapRatio": 0,
          "constraintOverlapRatio": 0.9681093394077449,
          "compactness": 0.3810763888888889,
          "wallTouchRatio": 0,
          "minX": 536,
          "minY": 625,
          "maxX": 559,
          "maxY": 672,
          "centroidX": 547.2369020501139,
          "centroidY": 654.2072892938496
        },
        {
          "componentId": 42,
          "pixelCount": 7583,
          "areaRatio": 0.004825854309221245,
          "score": 0.1686767620308663,
          "accepted": false,
          "rejectedReason": "target_already_satisfied",
          "anchorScore": 0.1221430599586296,
          "priorOverlapRatio": 0,
          "floorOverlapRatio": 0,
          "constraintOverlapRatio": 0,
          "compactness": 0.44912343046671405,
          "wallTouchRatio": 0,
          "minX": 183,
          "minY": 775,
          "maxX": 316,
          "maxY": 900,
          "centroidX": 254.98813134643282,
          "centroidY": 841.7465383093762
        },
        {
          "componentId": 51,
          "pixelCount": 838,
          "areaRatio": 0.0005333068589116976,
          "score": 0.12781309328869478,
          "accepted": false,
          "rejectedReason": "target_already_satisfied",
          "anchorScore": 0.16006348833557502,
          "priorOverlapRatio": 0,
          "floorOverlapRatio": 0,
          "constraintOverlapRatio": 0,
          "compactness": 0.3790140208050656,
          "wallTouchRatio": 0,
          "minX": 324,
          "minY": 839,
          "maxX": 390,
          "maxY": 871,
          "centroidX": 355.50357995226733,
          "centroidY": 855.9761336515513
        },
        {
          "componentId": 13,
          "pixelCount": 650,
          "areaRatio": 0.0004136628380579993,
          "score": 0.12175606511303169,
          "accepted": false,
          "rejectedReason": "target_already_satisfied",
          "anchorScore": 0.15634869975314614,
          "priorOverlapRatio": 0,
          "floorOverlapRatio": 0,
          "constraintOverlapRatio": 0,
          "compactness": 0.3735632183908046,
          "wallTouchRatio": 0,
          "minX": 346,
          "minY": 625,
          "maxX": 375,
          "maxY": 682,
          "centroidX": 364.0230769230769,
          "centroidY": 660.1553846153846
        },
        {
          "componentId": 53,
          "pixelCount": 405,
          "areaRatio": 0.00025774376832844574,
          "score": 0.11019360625922464,
          "accepted": false,
          "rejectedReason": "target_already_satisfied",
          "anchorScore": 0.09202758179885526,
          "priorOverlapRatio": 0,
          "floorOverlapRatio": 0,
          "constraintOverlapRatio": 0,
          "compactness": 0.6,
          "wallTouchRatio": 0,
          "minX": 137,
          "minY": 861,
          "maxX": 161,
          "maxY": 887,