{
  "width": 1536,
  "height": 1023,
  "clusters": [
    {
      "clusterId": "bedside_composition",
      "clusterRole": "required",
      "decisions": [
        {
          "componentId": 88,
          "pixelCount": 538,
          "areaRatio": 0.00034238554903877485,
          "score": 0.9034736822246391,
          "accepted": true,
          "rejectedReason": null,
          "anchorScore": 0.9068366129402853,
          "priorOverlapRatio": 1,
          "floorOverlapRatio": 1,
          "constraintOverlapRatio": 1,
          "compactness": 0.6593137254901961,
          "wallTouchRatio": 0,
          "minX": 773,
          "minY": 860,
          "maxX": 796,
          "maxY": 893,
          "centroidX": 784.7118959107806,
          "centroidY": 877.7881040892194
        },
        {
          "componentId": 117,
          "pixelCount": 120,
          "areaRatio": 0.00007636852394916911,
          "score": 0.6856158934060688,
          "accepted": true,
          "rejectedReason": null,
          "anchorScore": 0.2605972096853883,
          "priorOverlapRatio": 1,
          "floorOverlapRatio": 1,
          "constraintOverlapRatio": 0.65,
          "compactness": 0.5555555555555556,
          "wallTouchRatio": 0,
          "minX": 1293,
          "minY": 899,
          "maxX": 1304,
          "maxY": 916,
          "centroidX": 1298.7916666666667,
          "centroidY": 908.15
        },
        {
          "componentId": 54,
          "pixelCount": 26130,
          "areaRatio": 0.016629246089931573,
          "score": 0.5369650210090026,
          "accepted": true,
          "rejectedReason": null,
          "anchorScore": 0.6516883072333444,
          "priorOverlapRatio": 0.0896670493685419,
          "floorOverlapRatio": 0.0896670493685419,
          "constraintOverlapRatio": 1,
          "compactness": 0.5138036809815951,
          "wallTouchRatio": 0,
          "minX": 788,
          "minY": 705,
          "maxX": 1113,
          "maxY": 860,
          "centroidX": 950.461500191351,
          "centroidY": 784.5160734787601
        },
        {
          "componentId": 12,
          "pixelCount": 28350,
          "areaRatio": 0.018042063782991204,
          "score": 0.4586216061137319,
          "accepted": true,
          "rejectedReason": null,
          "anchorScore": 0.41126283221391846,
          "priorOverlapRatio": 0,
          "floorOverlapRatio": 0,
          "constraintOverlapRatio": 0.9040564373897707,
          "compactness": 0.8452593917710197,
          "wallTouchRatio": 0,
          "minX": 568,
          "minY": 482,
          "maxX": 825,
          "maxY": 611,
          "centroidX": 693.8117107583774,
          "centroidY": 540.4908289241622
        },
        {
          "componentId": 69,
          "pixelCount": 189,
          "areaRatio": 0.00012028042521994135,
          "score": 0.42208230117900997,
          "accepted": true,
          "rejectedReason": null,
          "anchorScore": 0.6381612191530033,
          "priorOverlapRatio": 0,
          "floorOverlapRatio": 0,
          "constraintOverlapRatio": 1,
          "compactness": 0.7105263157894737,
          "wallTouchRatio": 0,
          "minX": 650,
          "minY": 768,
          "maxX": 663,
          "maxY": 786,
          "centroidX": 656.015873015873,
          "centroidY": 778.047619047619
        },
        {
          "componentId": 204,
          "pixelCount": 125,
          "areaRatio": 0.00007955054578038449,
          "score": 0.3704838328439936,
          "accepted": true,
          "rejectedReason": null,
          "anchorScore": 0.19930612498960237,
          "priorOverlapRatio": 0,
          "floorOverlapRatio": 1,
          "constraintOverlapRatio": 0,
          "compactness": 0.6377551020408163,
          "wallTouchRatio": 0,
          "minX": 1376,
          "minY": 990,
          "maxX": 1389,
          "maxY": 1003,
          "centroidX": 1382.544,
          "centroidY": 997.056
        },
        {
          "componentId": 208,
          "pixelCount": 376,
          "areaRatio": 0.00023928804170739656,
          "score": 0.36161711888784903,
          "accepted": false,
          "rejectedReason": "target_already_satisfied",
          "anchorScore": 0.18543737864179552,
          "priorOverlapRatio": 0,
          "floorOverlapRatio": 1,
          "constraintOverlapRatio": 0,
          "compactness": 0.49473684210526314,
          "wallTouchRatio": 0,
          "minX": 1390,
          "minY": 994,
          "maxX": 1427,
          "maxY": 1013,
          "centroidX": 1408.5132978723404,
          "centroidY": 1002.9574468085107
        },
        {
          "componentId": 175,
          "pixelCount": 126,
          "areaRatio": 0.00008018695014662756,
          "score": 0.3565956510180101,
          "accepted": false,
          "rejectedReason": "target_already_satisfied",
          "anchorScore": 0.19790432512461437,
          "priorOverlapRatio": 0,
          "floorOverlapRatio": 1,
          "constraintOverlapRatio": 0,
          "compactness": 0.4632352941176471,
          "wallTouchRatio": 0,
          "minX": 1383,
          "minY": 966,
          "maxX": 1399,
          "maxY": 981,
          "centroidX": 1390.9444444444443,
          "centroidY": 972.6507936507936
        },
        {
          "componentId": 191,
          "pixelCount": 155,
          "areaRatio": 0.00009864267676767677,
          "score": 0.3536349955124612,
          "accepted": false,
          "rejectedReason": "target_already_satisfied",
          "anchorScore": 0.18987098472548886,
          "priorOverlapRatio": 0,
          "floorOverlapRatio": 1,
          "constraintOverlapRatio": 0,
          "compactness": 0.44285714285714284,
          "wallTouchRatio": 0,
          "minX": 1391,
          "minY": 979,
          "maxX": 1415,
          "maxY": 992,
          "centroidX": 1403.9612903225807,
          "centroidY": 984.6774193548387
        },
        {
          "componentId": 40,
          "pixelCount": 5067,
          "areaRatio": 0.003224660923753666,
          "score": 0.34774043236062385,
          "accepted": false,
          "rejectedReason": "target_already_satisfied",
          "anchorScore": 0.4853475429322193,
          "priorOverlapRatio": 0,
          "floorOverlapRatio": 0,
          "constraintOverlapRatio": 0.7761989342806395,
          "compactness": 0.25487927565392354,
          "wallTouchRatio": 0,
          "minX": 489,
          "minY": 628,
          "maxX": 628,
          "maxY": 769,
          "centroidX": 567.3337280442076,
          "centroidY": 729.3943161634103
        },
        {
          "componentId": 141,
          "pixelCount": 1311,
          "areaRatio": 0.0008343261241446725,
          "score": 0.3430864197980898,
          "accepted": false,
          "rejectedReason": "target_already_satisfied",
          "anchorScore": 0.17831552701238346,
          "priorOverlapRatio": 0.18993135011441648,
          "floorOverlapRatio": 1,
          "constraintOverlapRatio": 0,
          "compactness": 0.2875,
          "wallTouchRatio": 0.2913806254767353,
          "minX": 1391,
          "minY": 936,
          "maxX": 1470,
          "maxY": 992,
          "centroidX": 1431.351639969489,
          "centroidY": 966.7948131197559
        },
        {
          "componentId": 180,
          "pixelCount": 2251,
          "areaRatio": 0.0014325462284131639,
          "score": 0.23002491361815547,
          "accepted": false,
          "rejectedReason": "target_already_satisfied",
          "anchorScore": 0.154346770341981,
          "priorOverlapRatio": 0,
          "floorOverlapRatio": 0.9755664149266993,
          "constraintOverlapRatio": 0,
          "compactness": 0.5558024691358024,
          "wallTouchRatio": 0.9555752998667258,
          "minX": 1433,
          "minY": 969,
          "maxX": 1507,
          "maxY": 1022,
          "centroidX": 1478.2021323856063,