{
  "width": 1536,
  "height": 1024,
  "clusters": [
    {
      "clusterId": "bedside_composition",
      "clusterRole": "optional",
      "decisions": [
        {
          "componentId": 99,
          "pixelCount": 27996,
          "areaRatio": 0.01779937744140625,
          "score": 0.7671126451053888,
          "accepted": true,
          "rejectedReason": null,
          "anchorScore": 0.7561927094899896,
          "priorOverlapRatio": 0.09694242034576368,
          "floorOverlapRatio": 0.9992856122303186,
          "constraintOverlapRatio": 0.9691741677382483,
          "compactness": 0.29338531187122735,
          "wallTouchRatio": 0,
          "minX": 739,
          "minY": 740,
          "maxX": 1074,
          "maxY": 1023,
          "centroidX": 865.8610872981855,
          "centroidY": 901.191848835548
        },
        {
          "componentId": 123,
          "pixelCount": 774,
          "areaRatio": 0.000492095947265625,
          "score": 0.6904481394143229,
          "accepted": true,
          "rejectedReason": null,
          "anchorScore": 0.6840367994710548,
          "priorOverlapRatio": 0,
          "floorOverlapRatio": 1,
          "constraintOverlapRatio": 1,
          "compactness": 0.3524590163934426,
          "wallTouchRatio": 0,
          "minX": 842,
          "minY": 802,
          "maxX": 877,
          "maxY": 862,
          "centroidX": 861.9806201550388,
          "centroidY": 829.8449612403101
        },
        {
          "componentId": 128,
          "pixelCount": 422,
          "areaRatio": 0.0002683003743489583,
          "score": 0.6195073437524028,
          "accepted": true,
          "rejectedReason": null,
          "anchorScore": 0.23760049793228832,
          "priorOverlapRatio": 0,
          "floorOverlapRatio": 1,
          "constraintOverlapRatio": 1,
          "compactness": 0.5994318181818182,
          "wallTouchRatio": 0,
          "minX": 1278,
          "minY": 825,
          "maxX": 1309,
          "maxY": 846,
          "centroidX": 1289.2938388625591,
          "centroidY": 834.8767772511849
        },
        {
          "componentId": 112,
          "pixelCount": 2429,
          "areaRatio": 0.0015443166097005208,
          "score": 0.6024581862136579,
          "accepted": true,
          "rejectedReason": null,
          "anchorScore": 0.2810830488575094,
          "priorOverlapRatio": 0,
          "floorOverlapRatio": 1,
          "constraintOverlapRatio": 0.8727871552079045,
          "compactness": 0.1596975673898751,
          "wallTouchRatio": 0,
          "minX": 1151,
          "minY": 760,
          "maxX": 1267,
          "maxY": 889,
          "centroidX": 1227.8987237546316,
          "centroidY": 844.1902017291067
        },
        {
          "componentId": 125,
          "pixelCount": 281,
          "areaRatio": 0.00017865498860677084,
          "score": 0.6023055228399881,
          "accepted": true,
          "rejectedReason": null,
          "anchorScore": 0.3092627139838929,
          "priorOverlapRatio": 0,
          "floorOverlapRatio": 1,
          "constraintOverlapRatio": 1,
          "compactness": 0.2902892561983471,
          "wallTouchRatio": 0,
          "minX": 1165,
          "minY": 818,
          "maxX": 1208,
          "maxY": 839,
          "centroidX": 1187.8398576512454,
          "centroidY": 826.7686832740213
        },
        {
          "componentId": 104,
          "pixelCount": 1824,
          "areaRatio": 0.00115966796875,
          "score": 0.6021373961501573,
          "accepted": true,
          "rejectedReason": null,
          "anchorScore": 0.3780902249308274,
          "priorOverlapRatio": 0,
          "floorOverlapRatio": 1,
          "constraintOverlapRatio": 0.7982456140350878,
          "compactness": 0.2778370144706778,
          "wallTouchRatio": 0,
          "minX": 1081,
          "minY": 755,
          "maxX": 1145,
          "maxY": 855,
          "centroidX": 1108.8486842105262,
          "centroidY": 820.860197368421
        },
        {
          "componentId": 78,
          "pixelCount": 11539,
          "areaRatio": 0.0073362986246744795,
          "score": 0.5766657524855819,
          "accepted": false,
          "rejectedReason": "target_already_satisfied",
          "anchorScore": 0.6459365706339095,
          "priorOverlapRatio": 0,
          "floorOverlapRatio": 0.8326544761244475,
          "constraintOverlapRatio": 0.5317618511136147,
          "compactness": 0.20771529377880185,
          "wallTouchRatio": 0,
          "minX": 536,
          "minY": 677,
          "maxX": 791,
          "maxY": 893,
          "centroidX": 679.1573793222983,
          "centroidY": 799.1833781090215
        },
        {
          "componentId": 130,
          "pixelCount": 4924,
          "areaRatio": 0.0031305948893229165,
          "score": 0.5258173471725993,
          "accepted": false,
          "rejectedReason": "target_already_satisfied",
          "anchorScore": 0.18822545159229795,
          "priorOverlapRatio": 0,
          "floorOverlapRatio": 1,
          "constraintOverlapRatio": 0.4930950446791227,
          "compactness": 0.3745056282324308,
          "wallTouchRatio": 0.10438667749796914,
          "minX": 1287,
          "minY": 837,
          "maxX": 1459,
          "maxY": 912,
          "centroidX": 1381.5022339561333,
          "centroidY": 871.9536961819659
        },
        {
          "componentId": 114,
          "pixelCount": 233,
          "areaRatio": 0.00014813741048177084,
          "score": 0.4135171804132497,
          "accepted": false,
          "rejectedReason": "target_already_satisfied",
          "anchorScore": 0.36137249035895713,
          "priorOverlapRatio": 0,
          "floorOverlapRatio": 1,
          "constraintOverlapRatio": 0,
          "compactness": 0.4905263157894737,
          "wallTouchRatio": 0,
          "minX": 1103,
          "minY": 769,
          "maxX": 1121,
          "maxY": 793,
          "centroidX": 1111.3390557939915,
          "centroidY": 781.1072961373391
        },
        {
          "componentId": 115,
          "pixelCount": 144,
          "areaRatio": 0.000091552734375,
          "score": 0.35817524256023986,
          "accepted": false,
          "rejectedReason": "target_already_satisfied",
          "anchorScore": 0.1900836071231496,
          "priorOverlapRatio": 0,
          "floorOverlapRatio": 1,
          "constraintOverlapRatio": 0,
          "compactness": 0.4222873900293255,
          "wallTouchRatio": 0,
          "minX": 1344,
          "minY": 769,
          "maxX": 1374,
          "maxY": 779,
          "centroidX": 1359.75,
          "centroidY": 773.9097222222222
        },
        {
          "componentId": 142,
          "pixelCount": 420,
          "areaRatio": 0.00026702880859375,
          "score": 0.2261687133425642,
          "accepted": false,
          "rejectedReason": "target_already_satisfied",
          "anchorScore": 0.1436401187725751,
          "priorOverlapRatio": 0,
          "floorOverlapRatio": 1,
          "constraintOverlapRatio": 0,
          "compactness": 0.6481481481481481,
          "wallTouchRatio": 1,
          "minX": 1474,
          "minY": 878,
          "maxX": 1497,
          "maxY": 904,
          "centroidX": 1483.0380952380951,
          "centroidY": 889.2761904761904
        },
        {
          "componentId": 90,
          "pixelCount": 154,
          "areaRatio": 0.00009791056315104167,
          "score": 0.19789178447778874,
          "accepted": false,
          "rejectedReason": "target_already_satisfied",
          "anchorScore": 0.4842478886297934,
          "priorOverlapRatio": 0,
          "floorOverlapRatio": 0,
          "constraintOverlapRatio": 0,
          "compactness": 0.6637931034482759,
          "wallTouchRatio": 0,
          "minX": 592,
          "minY": 716,
          "maxX": 599,
          "maxY": 744,
          "centroidX": 595.077922077922,