{
  "width": 1536,
  "height": 1023,
  "clusters": [
    {
      "clusterId": "bedside_composition",
      "clusterRole": "required",
      "decisions": [
        {
          "componentId": 4,
          "pixelCount": 51318,
          "areaRatio": 0.03265899926686217,
          "score": 0.8609616849515269,
          "accepted": true,
          "rejectedReason": null,
          "anchorScore": 0.621765757493459,
          "priorOverlapRatio": 0.8812697299193265,
          "floorOverlapRatio": 0.8819712381620484,
          "constraintOverlapRatio": 0.9463346194317783,
          "compactness": 0.5359918114973262,
          "wallTouchRatio": 0,
          "minX": 733,
          "minY": 785,
          "maxX": 1276,
          "maxY": 960,
          "centroidX": 980.6477454304533,
          "centroidY": 864.9649635605441
        },
        {
          "componentId": 1,
          "pixelCount": 97912,
          "areaRatio": 0.06231162430759205,
          "score": 0.5020064369103192,
          "accepted": true,
          "rejectedReason": null,
          "anchorScore": 0.6442246941223514,
          "priorOverlapRatio": 0,
          "floorOverlapRatio": 0,
          "constraintOverlapRatio": 0.9780210801536073,
          "compactness": 0.6415116591428778,
          "wallTouchRatio": 0,
          "minX": 515,
          "minY": 550,
          "maxX": 1065,
          "maxY": 826,
          "centroidX": 781.4498835689191,
          "centroidY": 688.2255698995016
        },
        {
          "componentId": 2,
          "pixelCount": 925,
          "areaRatio": 0.0005886740387748452,
          "score": 0.4001854216632043,
          "accepted": true,
          "rejectedReason": null,
          "anchorScore": 0.3859773023767694,
          "priorOverlapRatio": 0,
          "floorOverlapRatio": 0,
          "constraintOverlapRatio": 1,
          "compactness": 0.8470695970695971,
          "wallTouchRatio": 0,
          "minX": 541,
          "minY": 585,
          "maxX": 579,
          "maxY": 612,
          "centroidX": 559.5859459459459,
          "centroidY": 598.1816216216216
        }
      ]
    },
    {
      "clusterId": "decor_group",
      "clusterRole": "optional",
      "decisions": [
        {
          "componentId": 36,
          "pixelCount": 11779,
          "areaRatio": 0.007496207029977191,
          "score": 0.17888693938300293,
          "accepted": true,
          "rejectedReason": null,
          "anchorScore": 0.15207209362861596,
          "priorOverlapRatio": 0,
          "floorOverlapRatio": 0,
          "constraintOverlapRatio": 0,
          "compactness": 0.4576146076146076,
          "wallTouchRatio": 0,
          "minX": 249,
          "minY": 648,
          "maxX": 443,
          "maxY": 779,
          "centroidX": 344.80550131590115,
          "centroidY": 703.9994057220478
        },
        {
          "componentId": 26,
          "pixelCount": 1366,
          "areaRatio": 0.0008693283642880417,
          "score": 0.16058288541342391,
          "accepted": true,
          "rejectedReason": null,
          "anchorScore": 0.1565124438227907,
          "priorOverlapRatio": 0,
          "floorOverlapRatio": 0,
          "constraintOverlapRatio": 0,
          "compactness": 0.5837606837606838,
          "wallTouchRatio": 0,
          "minX": 333,
          "minY": 605,
          "maxX": 422,
          "maxY": 630,
          "centroidX": 376.51830161054176,
          "centroidY": 615.6522693997072
        },
        {
          "componentId": 63,
          "pixelCount": 241,
          "areaRatio": 0.0001533734522645813,
          "score": 0.1466365407492393,
          "accepted": false,
          "rejectedReason": "target_already_satisfied",
          "anchorScore": 0.3113984575673936,
          "priorOverlapRatio": 0,
          "floorOverlapRatio": 0.6265560165975104,
          "constraintOverlapRatio": 0,
          "compactness": 0.3937908496732026,
          "wallTouchRatio": 0.9875518672199171,
          "minX": 1443,
          "minY": 832,
          "maxX": 1478,
          "maxY": 848,
          "centroidX": 1460.6929460580914,
          "centroidY": 839.7676348547718
        },
        {
          "componentId": 39,
          "pixelCount": 1579,
          "areaRatio": 0.0010048824942978168,
          "score": 0.14368440821317585,
          "accepted": false,
          "rejectedReason": "target_already_satisfied",
          "anchorScore": 0.3208736829491438,
          "priorOverlapRatio": 0,
          "floorOverlapRatio": 0.2248258391386954,
          "constraintOverlapRatio": 0,
          "compactness": 0.24687304565353346,
          "wallTouchRatio": 0.5573147561747942,
          "minX": 1433,
          "minY": 673,
          "maxX": 1473,
          "maxY": 828,
          "centroidX": 1447.8860037998734,
          "centroidY": 773.2590246991767
        },
        {
          "componentId": 2,
          "pixelCount": 1367,
          "areaRatio": 0.0008699647686542847,
          "score": 0.11842687420426876,
          "accepted": false,
          "rejectedReason": "target_already_satisfied",
          "anchorScore": 0.09202116314636324,
          "priorOverlapRatio": 0,
          "floorOverlapRatio": 0,
          "constraintOverlapRatio": 0,
          "compactness": 0.2832573559883962,
          "wallTouchRatio": 0,
          "minX": 248,
          "minY": 324,
          "maxX": 285,
          "maxY": 450,
          "centroidX": 275.57205559619604,
          "centroidY": 364.3306510607169
        },
        {
          "componentId": 7,
          "pixelCount": 374,
          "areaRatio": 0.0002380152329749104,
          "score": 0.1152685530136263,
          "accepted": false,
          "rejectedReason": "target_already_satisfied",
          "anchorScore": 0.11082019659667026,
          "priorOverlapRatio": 0,
          "floorOverlapRatio": 0,
          "constraintOverlapRatio": 0,
          "compactness": 0.5936507936507937,
          "wallTouchRatio": 0,
          "minX": 279,
          "minY": 452,
          "maxX": 285,
          "maxY": 541,
          "centroidX": 282.3582887700535,
          "centroidY": 502.2165775401069
        },
        {
          "componentId": 24,
          "pixelCount": 412,
          "areaRatio": 0.0002621985988921473,
          "score": 0.01902726967595958,
          "accepted": false,
          "rejectedReason": "target_already_satisfied",
          "anchorScore": 0.2744774044448082,
          "priorOverlapRatio": 0,
          "floorOverlapRatio": 0,
          "constraintOverlapRatio": 0,
          "compactness": 0.8046875,
          "wallTouchRatio": 1,
          "minX": 1444,
          "minY": 604,
          "maxX": 1475,
          "maxY": 619,
          "centroidX": 1461.0728155339805,
          "centroidY": 611.3131067961165
        },
        {
          "componentId": 45,
          "pixelCount": 321,
          "areaRatio": 0.00020428580156402738,
          "score": 0.015339140429903003,
          "accepted": false,
          "rejectedReason": "target_already_satisfied",
          "anchorScore": 0.30746897530292,
          "priorOverlapRatio": 0,
          "floorOverlapRatio": 0,
          "constraintOverlapRatio": 0,
          "compactness": 0.7482517482517482,
          "wallTouchRatio": 1,
          "minX": 1453,
          "minY": 716,
          "maxX": 1463,
          "maxY": 754,
          "centroidX": 1458.0249221183801,
          "centroidY": 734.626168224299
        },
        {
          "componentId": 31,
          "pixelCount": 730,
          "areaRatio": 0.0004645751873574454,
          "score": 0.015080265196546011,
          "accepted": false,
          "rejectedReason": "target_already_satisfied",
          "anchorScore": 0.28930181282947176,
          "priorOverlapRatio": 0,
          "floorOverlapRatio": 0,
          "constraintOverlapRatio": 0,
          "compactness": 0.4254079254079254,
          "wallTouchRatio": 0.9232876712328767,
          "minX": 1437,