{
  "width": 1536,
  "height": 1023,
  "clusters": [
    {
      "clusterId": "bedside_composition",
      "clusterRole": "required",
      "decisions": [
        {
          "componentId": 28,
          "pixelCount": 1305,
          "areaRatio": 0.0008305076979472141,
          "score": 0.723395263274067,
          "accepted": true,
          "rejectedReason": null,
          "anchorScore": 0.38874722976001613,
          "priorOverlapRatio": 1,
          "floorOverlapRatio": 1,
          "compactness": 0.3966565349544073,
          "wallTouchRatio": 0,
          "minX": 729,
          "minY": 933,
          "maxX": 822,
          "maxY": 967,
          "centroidX": 780.0942528735632,
          "centroidY": 953.991570881226
        },
        {
          "componentId": 39,
          "pixelCount": 438,
          "areaRatio": 0.0002787451124144673,
          "score": 0.6944111602517429,
          "accepted": true,
          "rejectedReason": null,
          "anchorScore": 0.3345073107716702,
          "priorOverlapRatio": 1,
          "floorOverlapRatio": 1,
          "compactness": 0.365,
          "wallTouchRatio": 0,
          "minX": 706,
          "minY": 974,
          "maxX": 755,
          "maxY": 997,
          "centroidX": 731.2625570776256,
          "centroidY": 983.1917808219179
        },
        {
          "componentId": 36,
          "pixelCount": 1806,
          "areaRatio": 0.0011493462854349952,
          "score": 0.6937904542906731,
          "accepted": true,
          "rejectedReason": null,
          "anchorScore": 0.27050636815776347,
          "priorOverlapRatio": 1,
          "floorOverlapRatio": 1,
          "compactness": 0.33070866141732286,
          "wallTouchRatio": 0,
          "minX": 585,
          "minY": 968,
          "maxX": 711,
          "maxY": 1010,
          "centroidX": 652.5116279069767,
          "centroidY": 994.4789590254707
        },
        {
          "componentId": 44,
          "pixelCount": 121,
          "areaRatio": 0.00007700492831541218,
          "score": 0.6888562500529233,
          "accepted": true,
          "rejectedReason": null,
          "anchorScore": 0.3597852931691489,
          "priorOverlapRatio": 1,
          "floorOverlapRatio": 1,
          "compactness": 0.3324175824175824,
          "wallTouchRatio": 0,
          "minX": 748,
          "minY": 983,
          "maxX": 775,
          "maxY": 995,
          "centroidX": 762.0413223140496,
          "centroidY": 989.0661157024794
        },
        {
          "componentId": 42,
          "pixelCount": 210,
          "areaRatio": 0.00013364491691104593,
          "score": 0.6764003147860065,
          "accepted": true,
          "rejectedReason": null,
          "anchorScore": 0.3438393795410385,
          "priorOverlapRatio": 1,
          "floorOverlapRatio": 1,
          "compactness": 0.21671826625386997,
          "wallTouchRatio": 0,
          "minX": 720,
          "minY": 980,
          "maxX": 770,
          "maxY": 998,
          "centroidX": 744.1571428571428,
          "centroidY": 989.1095238095238
        },
        {
          "componentId": 34,
          "pixelCount": 2320,
          "areaRatio": 0.001476458129683936,
          "score": 0.6526130933288374,
          "accepted": true,
          "rejectedReason": null,
          "anchorScore": 0.27111570311560906,
          "priorOverlapRatio": 0.9478448275862069,
          "floorOverlapRatio": 0.9478448275862069,
          "compactness": 0.16178521617852162,
          "wallTouchRatio": 0,
          "minX": 537,
          "minY": 963,
          "maxX": 775,
          "maxY": 1022,
          "centroidX": 656.1064655172414,
          "centroidY": 1003.0056034482759
        },
        {
          "componentId": 19,
          "pixelCount": 1077,
          "areaRatio": 0.0006854075024437928,
          "score": 0.49343146457164955,
          "accepted": true,
          "rejectedReason": null,
          "anchorScore": 0.36367833600249244,
          "priorOverlapRatio": 0.015784586815227482,
          "floorOverlapRatio": 1,
          "compactness": 0.3798941798941799,
          "wallTouchRatio": 0,
          "minX": 706,
          "minY": 899,
          "maxX": 786,
          "maxY": 933,
          "centroidX": 745.4243268337976,
          "centroidY": 913.9303621169917
        },
        {
          "componentId": 1,
          "pixelCount": 199452,
          "areaRatio": 0.12693212365591397,
          "score": 0.3994303366815617,
          "accepted": true,
          "rejectedReason": null,
          "anchorScore": 0.3378533973339717,
          "priorOverlapRatio": 0.06867316447064958,
          "floorOverlapRatio": 0.3889056013476927,
          "compactness": 0.5278518800813008,
          "wallTouchRatio": 0,
          "minX": 425,
          "minY": 528,
          "maxX": 1192,
          "maxY": 1019,
          "centroidX": 723.5744189078074,
          "centroidY": 760.9668090568157
        }
      ]
    },
    {
      "clusterId": "decor_group",
      "clusterRole": "optional",
      "decisions": [
        {
          "componentId": 49,
          "pixelCount": 6283,
          "areaRatio": 0.003998528633105246,
          "score": 0.5581762536989464,
          "accepted": true,
          "rejectedReason": null,
          "anchorScore": 0.3648922999208105,
          "priorOverlapRatio": 0,
          "floorOverlapRatio": 0.9392010186216776,
          "compactness": 0.3390351823872221,
          "wallTouchRatio": 0,
          "minX": 580,
          "minY": 770,
          "maxX": 692,
          "maxY": 933,
          "centroidX": 635.5393920101862,
          "centroidY": 874.6644914849594
        },
        {
          "componentId": 67,
          "pixelCount": 793,
          "areaRatio": 0.0005046686624307592,
          "score": 0.541794576860178,
          "accepted": true,
          "rejectedReason": null,
          "anchorScore": 0.30528153535667324,
          "priorOverlapRatio": 0,
          "floorOverlapRatio": 1,
          "compactness": 0.6931818181818182,
          "wallTouchRatio": 0,
          "minX": 557,
          "minY": 854,
          "maxX": 582,
          "maxY": 897,
          "centroidX": 568.7351828499369,
          "centroidY": 873.6481715006305
        },
        {
          "componentId": 126,
          "pixelCount": 1719,
          "areaRatio": 0.0010939791055718474,
          "score": 0.514047514416843,
          "accepted": true,
          "rejectedReason": null,
          "anchorScore": 0.14341908976785808,
          "priorOverlapRatio": 0,
          "floorOverlapRatio": 1,
          "compactness": 0.5113027959547888,
          "wallTouchRatio": 0,
          "minX": 264,
          "minY": 958,
          "maxX": 345,
          "maxY": 998,
          "centroidX": 304.7271669575334,
          "centroidY": 976.5462478184992
        },
        {
          "componentId": 141,
          "pixelCount": 139,
          "areaRatio": 0.00008846020690778755,
          "score": 0.4261984111272762,
          "accepted": true,
          "rejectedReason": null,
          "anchorScore": 0.12275982672183276,
          "priorOverlapRatio": 0,
          "floorOverlapRatio": 1,
          "compactness": 0.3357487922705314,
          "wallTouchRatio": 0,
          "minX": 240,
          "minY": 988,
          "maxX": 262,
          "maxY": 1005,
          "centroidX": 250.69064748201438,
          "centroidY": 997.3309352517986
        },
        {
          "componentId": 71,
          "pixelCount": 2662,
          "areaRatio": 0.001694108422939068,
          "score": 0.41868816543430276,
          "accepted": true,
          "rejectedReason": null,
          "anchorScore": 0.08532088233086385,
          "priorOverlapRatio": 0,
          "floorOverlapRatio": 0.8925619834710744,
          "compactness": 0.3880466472303207,
          "wallTouchRatio": 0.34485349361382417,
          "minX": 20,
          "minY": 881,
          "maxX": 159,
          "maxY": 929,